{"iterations": 676, "depth": 4, "learning_rate": 0.009025066763783507, "bagging_temperature": 0.7424545165475553, "l2_leaf_reg": 1.8616708110406823, "border_count": 209, "task_type": "GPU", "devices": "0", "eval_metric": "Recall", "verbose": false}